{"cameraMode":{"drawMode":0,"name":"Shaded","section":"Shading Mode"},"sceneLighting":true,"audioPlay":false,"sceneViewState":{"m_AlwaysRefresh":false,"showFog":true,"showSkybox":true,"showFlares":true,"showImageEffects":true,"showParticleSystems":true,"showVisualEffectGraphs":true,"m_FxEnabled":true},"in2DMode":false,"pivot":{"x":175.04034423828126,"y":153.78953552246095,"z":30.00284767150879},"rotation":{"x":0.0008842829847708345,"y":-0.9972161650657654,"z":-0.011965898796916008,"w":-0.0737144723534584},"size":226.3299560546875,"orthographic":false}