{"cameraMode":{"drawMode":0,"name":"Shaded","section":"Shading Mode"},"sceneLighting":true,"audioPlay":false,"sceneViewState":{"m_AlwaysRefresh":false,"showFog":true,"showSkybox":true,"showFlares":true,"showImageEffects":true,"showParticleSystems":true,"showVisualEffectGraphs":true,"m_FxEnabled":false},"in2DMode":false,"pivot":{"x":-3.440899610519409,"y":22.600988388061525,"z":-13.325130462646485},"rotation":{"x":-0.38231122493743899,"y":-0.02163052372634411,"z":0.008941330015659333,"w":-0.9237685799598694},"size":15.440903663635254,"orthographic":false}