{"cameraMode":{"drawMode":0,"name":"Shaded","section":"Shading Mode"},"sceneLighting":true,"audioPlay":false,"sceneViewState":{"m_AlwaysRefresh":false,"showFog":true,"showSkybox":true,"showFlares":true,"showImageEffects":true,"showParticleSystems":true,"showVisualEffectGraphs":true,"m_FxEnabled":false},"in2DMode":false,"pivot":{"x":0.056405894458293918,"y":0.5544314384460449,"z":0.011549830436706543},"rotation":{"x":0.29352065920829775,"y":0.007490039803087711,"z":-0.002245755633339286,"w":0.9559860229492188},"size":1.7663283348083497,"orthographic":false}