{"cameraMode":{"drawMode":0,"name":"Shaded","section":"Shading Mode"},"sceneLighting":true,"audioPlay":false,"sceneViewState":{"m_AlwaysRefresh":false,"showFog":true,"showSkybox":true,"showFlares":true,"showImageEffects":true,"showParticleSystems":true,"showVisualEffectGraphs":true,"m_FxEnabled":false},"in2DMode":false,"pivot":{"x":-0.9280264973640442,"y":0.4701687693595886,"z":6.0207743644714359},"rotation":{"x":-0.15723320841789246,"y":0.07900513708591461,"z":-0.012631355784833432,"w":-0.9843390583992004},"size":0.21650634706020356,"orthographic":false}